p,Українська мова,Математика,Біологія,Історія України,Іноземна мова,Хімія,Фізика,Географія
К,,,,,,,,
К,,,,,,,,
К,,,,,,,,
К,,,,,,,,
К,,,,,,,,
К,,,,,,,,
К,,,,,,,,
К,,,,,,,,
К,,,,,,,,
К,,,,,,,,
К,,,,,,,,
К,,,,,,,,
1,160,157,150,,,,,
2,153,151,,147,,,,
1,151,149,,144,,,,
3,160,131,,147,,,,
3,145,137,,143,,,,
0,138,121,,,126,,,
0,154,131,,140,,,,
К,147,159,,160,,,,
К,134,126,,140,,,,
1,153,151,,,140,,,
1,133,140,,140,,,,
2,190,171,,164,,,,
0,146,159,,192,,,,
1,174,159,,152,,,,
1,168,147,,170,,,,
1,174,143,,,159,,,
0,162,149,,156,,,,
1,177,138,,149,,,,
1,145,143,,,181,,,
1,165,149,,140,,,,
4,156,153,,142,,,,
2,162,143,,,149,,,
0,151,151,150,,,,,
0,162,140,,149,,,,
1,158,145,,146,,,,
1,165,137,,146,,,,
2,144,153,,148,,,,
3,145,147,,150,,,,
1,148,148,,143,,,,
1,149,140,,145,,,,
1,138,150,,142,,,,
1,148,145,,132,,,,
1,134,143,,154,,,,
0,143,134,,,155,,,
3,146,137,,141,,,,
2,145,134,,144,,,,
1,138,140,,143,,,,
1,146,131,,143,,,,
1,149,121,,141,,,,
1,149,114,,132,,,,
1,145,107,,140,,,,
0,146,114,,,114,,,
0,140,100,,134,,,,
1,122,114,,134,,,,
3,133,128,,144,,,,
1,200,193,,200,,,,
1,179,167,,,155,,,
1,153,149,,155,,,,
2,152,151,,152,,,,
0,156,147,,151,,,,
1,152,148,,,145,,,
1,142,148,,,148,,,
1,155,121,,,150,,,
1,149,126,,,145,,,
0,140,131,,,,132,,
2,158,151,,159,,,,
2,140,126,,141,,,,
1,156,148,,146,,,,
1,151,137,,,,,134,
1,168,151,,178,,,,
1,179,153,,152,,,,
1,156,148,,144,,,,
1,152,148,,138,,,,
1,150,126,150,,,,,
0,140,134,,142,,,,
1,140,134,,134,,,,
3,136,131,,136,,,,
2,128,134,,140,,,,
0,142,114,,,126,,,
0,118,126,,130,,,,
К,186,157,,,193,,,
К,179,157,,159,,,,
К,156,175,,,,,155,
К,158,171,,151,,,,
К,158,151,,,163,,,
К,153,147,,,163,,,
К,153,148,,,152,,,
К,156,151,,,,,137,
К,153,145,,147,,,,
К,154,134,,,148,,,
К,152,137,,144,,,,
К,150,134,,,151,,,
К,142,140,,152,,,,
К,149,151,,,,,107,
К,143,140,,138,,,,
К,162,114,,150,,,,
К,131,145,,127,,,,
К,142,126,,140,,,,
К,142,121,,141,,,,
К,151,107,,150,,,,
К,143,114,,146,,,,
К,153,148,,,148,,,
К,156,143,,,147,,,
К,155,145,,144,,,,
К,149,152,,127,,,,
К,136,150,,,145,,,
К,145,140,,147,,,,
К,144,137,,,145,,,
К,131,140,,143,,,,
К,148,114,144,,,,,
К,143,131,,118,,,,
К,143,100,,140,,,,
К,158,140,,146,,,,
К,144,121,,144,,,,
К,152,126,,124,,,,
К,136,132,,135,,,,
К,145,126,,,121,,,
К,143,131,,140,,,,
К,137,159,,151,,,,
1,162,163,,,151,,,
2,138,131,,,148,,,
1,174,181,,,159,,,
1,146,200,,164,,,,
1,179,157,,,181,,,
1,131,126,,140,,,,
0,160,158,189,,,,,
1,174,147,,,163,,,
5,174,148,,158,,,,
1,165,155,,,152,,,
2,154,157,,140,,,,
2,158,147,,,150,,,
1,160,143,,,150,,,
2,160,143,,150,,,,
4,160,147,,134,,,,
4,155,143,,147,,,,
4,144,145,158,,,,,
0,148,143,,152,,,,
1,145,131,,,163,,,
2,145,143,,141,,,,
2,151,134,,144,,,,
0,144,140,,142,,,,
1,149,137,,138,,,,
1,151,121,,,159,,,
3,143,126,,150,,,,
5,150,121,,141,,,,
0,142,126,128,,,,,
4,146,114,,141,,,,
5,143,121,,134,,,,
1,125,131,,,137,,,
1,143,114,,138,,,,
1,131,126,,132,,,,
0,143,100,,151,,,,
0,128,121,136,,,,,
0,140,100,,140,,,,
1,190,143,,,167,,,
2,168,193,,153,,,,
0,165,153,,162,,,,
3,158,152,,154,,,,
1,149,159,,143,,,,
4,160,136,,,,,,157
0,151,134,,145,,,,
К,171,134,,,145,,,
К,136,126,,140,,,,
К,169,151,170,,,,,
К,145,143,,,181,,,
К,138,148,,,100,,,
К,181,140,177,,,,,
К,131,126,134,,,,,
К,152,126,,,157,,,
К,148,147,,,151,,,
1,158,149,,176,,,,
2,168,148,,162,,,,
2,156,143,171,,,,,
4,155,163,150,,,,,
4,156,149,,,163,,,
3,134,126,,141,,,,
0,125,107,,140,,,,
1,153,167,,,175,,,
1,165,155,168,,,,,
2,174,151,,,152,,,
1,165,153,,136,,,,
3,153,151,,,148,,,
1,148,143,,147,,,,
1,140,149,,,134,,,
1,145,145,,132,,,,
1,144,121,,134,,,,
1,200,200,,188,,,,
1,200,193,,196,,,,
1,190,200,,188,,,,
1,200,193,,173,,,,
1,186,193,,184,,,,
1,186,187,,,193,,,
1,176,200,,,181,,,
1,179,193,,188,,,,
1,182,187,,,193,,,
1,176,193,,,187,,,
3,186,181,,,193,,,
1,190,193,,154,,,,
1,182,175,,,200,,,
1,186,187,,,175,,,
1,171,193,,176,,,,
1,200,171,,,181,,,
1,160,193,,184,,,,
2,182,175,,196,,,,
1,168,200,,,163,,,
2,176,187,,,175,,,
1,171,193,,,,,171,
5,190,175,,178,,,,
1,174,175,,,193,,,
1,174,193,,,159,,,
1,168,187,,,175,,,
1,162,187,,,181,,,
1,186,175,,,175,,,
1,182,171,,188,,,,
3,171,187,,,167,,,
1,179,167,,196,,,,
2,179,181,,160,,,,
1,190,175,,,163,,,
1,186,187,,,,,153,
1,182,171,,,175,,,
1,162,193,,,157,,,
1,160,175,,196,,,,
3,174,181,,,163,,,
3,176,181,,,159,,,
1,190,167,,164,,,,
1,174,181,,,,,163,
3,158,193,,,155,,,
1,186,181,,,,,151,
1,179,181,,,147,,,
1,162,187,,,152,,,
1,165,181,,,159,,,
3,174,171,,164,,,,
0,151,200,,152,,,,
2,168,167,,,187,,,
1,176,175,,,152,,,
1,171,171,,,163,,,
1,176,157,,,175,,,
0,169,165,,164,,,,
1,168,171,,,155,,,
1,162,159,,,157,,,
0,168,157,,151,,,,
1,143,168,,156,,,,
1,155,152,,,171,,,
1,146,171,,140,,,,
3,160,157,,,148,,,
1,171,150,,143,,,,
1,156,155,,,153,,,
3,155,157,,,150,,,
0,153,153,,158,,,,
2,148,147,,,171,,,
2,156,155,,,149,,,
0,145,155,,162,,,,
1,165,151,,,145,,,
1,148,159,,146,,,,
1,118,175,,,151,,,
1,155,149,,,157,,,
3,158,148,,156,,,,
0,165,143,,157,,,,
1,143,162,,140,,,,
1,158,152,,,145,,,
2,156,151,,147,,,,
1,152,151,,,152,,,
1,153,157,,,,,143,
0,148,151,,,155,,,
3,151,148,,,157,,,
4,153,150,,,151,,,
1,149,140,,,171,,,
4,150,137,,,175,,,
1,158,150,,,145,,,
0,154,145,,,157,,,
1,154,148,,,151,,,
1,144,152,,156,,,,
1,144,155,,,149,,,
1,154,147,,153,,,,
0,153,148,,,151,,,
1,155,145,,,153,,,
3,158,147,,143,,,,
1,148,149,,,151,,,
1,153,150,,,,,145,
0,155,137,,,163,,,
1,151,148,,,148,,,
1,155,150,,,140,,,
0,143,153,,,,,145,
1,152,151,,,140,,,
1,155,147,,141,,,,
0,154,149,,,140,,,
1,156,149,,,137,,,
0,142,149,,149,,,,
1,156,140,,150,,,,
1,146,149,,141,,,,
3,154,140,,,149,,,
1,144,149,,141,,,,
4,145,145,,149,,,,
2,150,150,,,134,,,
0,148,145,,140,,,,
1,152,147,,,134,,,
1,151,147,,,134,,,
2,147,142,,147,,,,
2,145,140,,,151,,,
1,158,147,,,126,,,
0,152,147,,,131,,,
1,151,137,,,148,,,
3,148,137,,,151,,,
1,155,134,,150,,,,
1,138,147,,142,,,,
0,143,140,,,149,,,
1,158,131,,,148,,,
3,152,137,,144,,,,
3,154,131,,,,,149,
4,140,151,,,,,134,
2,150,137,,145,,,,
1,134,151,,132,,,,
0,142,144,,136,,,,
1,146,131,,,155,,,
1,149,137,,140,,,,
1,142,137,,148,,,,
1,149,131,150,,,,,
1,154,134,,134,,,,
1,154,131,,136,,,,
0,131,143,,138,,,,
0,131,131,,,157,,,
0,144,126,,150,,,,
0,118,145,,138,,,,
1,138,131,,,140,,,
1,148,126,,136,,,,
0,127,131,,140,,,,
1,142,121,,,,,134,
0,149,121,,,126,,,
1,148,114,,143,,,,
1,122,131,,138,,,,
0,145,107,,,149,,,
0,134,134,,,114,,,
0,143,114,,138,,,,
1,118,131,,127,,,,
0,148,114,,,121,,,
К,140,107,,136,,,,
К,125,121,118,,,,,
К,179,159,,,159,,,
К,179,150,,,150,,,
1,190,163,,188,,,,
1,156,181,,,143,,,
1,162,159,,147,,,,
2,152,150,,141,,,,
1,190,200,,,175,,,
1,179,193,,188,,,,
1,182,200,,150,,,,
1,190,187,,,175,,,
1,174,187,,,181,,,
1,153,187,,,187,,,
1,168,187,,,,,171,
2,186,171,,173,,,,
1,200,171,,,157,,,
1,182,167,,,181,,,
1,174,175,174,,,,,
1,168,181,,,,,167,
1,186,153,,,193,,,
1,162,175,,181,,,,
1,165,175,,,175,,,
1,171,163,,,187,,,
2,165,175,,,171,,,
1,190,157,,,175,,,
1,182,159,,181,,,,
3,190,155,,178,,,,
1,171,163,,,181,,,
1,186,171,,,152,,,
2,156,187,,148,,,,
2,179,175,,,152,,,
2,165,181,,,155,,,
1,168,159,,196,,,,
1,176,171,,154,,,,
2,174,171,,,159,,,
1,182,163,,162,,,,
1,176,175,,,150,,,
1,165,181,,,,,153,
2,168,175,,,155,,,
1,186,148,,,181,,,
4,179,171,,,149,,,
1,182,167,,,152,,,
1,182,157,,168,,,,
1,158,163,,188,,,,
1,145,185,,152,,,,
1,176,159,,170,,,,
1,160,163,,181,,,,
1,176,171,,,,,151,
1,168,167,,,159,,,
1,182,152,,,163,,,
4,171,152,,,171,,,
0,186,152,,146,,,,
1,152,157,,,159,,,
1,168,153,,143,,,,
1,171,145,,,157,,,
1,165,153,,,149,,,
1,151,159,,,150,,,
1,153,157,,,150,,,
1,160,152,,149,,,,
1,168,145,,152,,,,
1,154,149,,,159,,,
1,156,150,,156,,,,
1,150,151,,,159,,,
1,150,155,,,151,,,
2,152,153,,150,,,,
1,165,147,,,145,,,
1,149,149,,,157,,,
2,158,149,,,148,,,
0,165,159,,,,,131,
1,131,171,,,137,,,
2,160,145,,,151,,,
3,168,145,,,143,,,
0,151,153,,144,,,,
1,168,145,,138,,,,
1,151,148,,154,,,,
1,165,149,,,137,,,
3,151,145,,,157,,,
1,152,149,,149,,,,
4,158,149,,,143,,,
1,154,145,,,153,,,
4,153,147,,150,,,,
5,148,131,,,181,,,
1,145,149,,,153,,,
1,151,151,,,143,,,
1,151,147,,,149,,,
1,152,149,,,143,,,
2,155,151,,,134,,,
1,152,143,,,150,,,
2,138,151,,,147,,,
1,153,147,,130,,,,
1,146,145,,,145,,,
1,146,143,,,148,,,
1,148,137,,,155,,,
1,143,148,,140,,,,
1,145,153,,,131,,,
2,148,143,,143,,,,
2,150,134,,,,,153,
1,148,145,,,137,,,
0,153,134,,153,,,,
0,152,131,156,,,,,
0,145,134,,158,,,,
1,138,143,,146,,,,
1,152,145,,,126,,,
0,151,134,,147,,,,
1,149,137,,142,,,,
3,143,134,,,151,,,
0,140,147,,127,,,,
1,145,137,,,143,,,
0,143,145,,,131,,,
1,153,131,,146,,,,
0,150,134,,140,,,,
0,153,126,,152,,,,
1,150,131,,141,,,,
1,142,143,,118,,,,
1,145,137,,,131,,,
1,142,126,,,147,,,
0,144,121,150,,,,,
0,144,121,,149,,,,
1,134,131,,127,,,,
0,136,126,,127,,,,
0,136,114,,,145,,,
0,143,121,,,126,,,
0,140,114,,145,,,,
0,134,114,,141,,,,
0,138,114,,134,,,,
0,122,100,,,,,,165
0,146,100,,143,,,,
0,142,107,,,121,,,
0,128,107,,134,,,,
1,122,100,,138,,,,
3,146,150,,146,,,,
1,149,134,,,131,,,
2,179,181,,164,,,,
1,182,193,,,,,153,
4,190,175,,149,,,,
1,168,181,,162,,,,
1,186,159,,188,,,,
1,182,163,,,171,,,
2,190,155,,,175,,,
1,165,163,,,181,,,
1,156,143,,,148,,,
1,154,163,,136,,,,
2,155,150,,,152,,,
1,162,147,,145,,,,
1,158,152,,138,,,,
0,150,143,,,159,,,
1,149,148,,149,,,,
1,150,150,,,143,,,
1,146,148,149,,,,,
1,146,147,,150,,,,
1,145,147,,,149,,,
0,143,145,,150,,,,
2,131,148,,152,,,,
3,145,142,,140,,,,
1,135,144,,146,,,,
1,145,143,,,131,,,
4,144,134,,150,,,,
0,146,131,,,145,,,
1,136,134,,,143,,,
0,142,131,,141,,,,
0,140,126,,132,,,,
0,134,121,,141,,,,
0,131,121,,134,,,,
0,142,107,,142,,,,
0,125,100,,138,,,,
2,157,168,,160,,,,
1,162,134,,,134,,,
5,134,143,,134,,,,
1,195,167,,,200,,,
1,174,193,,173,,,,
1,171,193,,,163,,,
1,160,171,,,153,,,
1,162,167,,,157,,,
1,171,159,,160,,,,
4,160,159,,,171,,,
3,174,157,,,149,,,
2,174,140,,,175,,,
0,131,181,,,,,143,
3,160,155,,141,,,,
1,158,153,,147,,,,
3,153,148,,,151,,,
1,140,149,,162,,,,
0,150,145,,,145,,,
1,144,147,,142,,,,
0,146,148,,136,,,,
0,153,143,,,140,,,
0,148,143,,140,,,,
0,156,131,,,149,,,
0,149,137,,146,,,,
0,149,136,,147,,,,
1,149,137,,142,,,,
0,148,150,,,,,126,
1,151,140,,130,,,,
0,142,140,,143,,,,
4,156,134,,136,,,,
2,143,137,,147,,,,
1,136,145,,136,,,,
0,140,137,,145,,,,
0,145,126,,,153,,,
1,150,126,,152,,,,
1,151,126,,127,,,,
0,131,131,,144,,,,
2,149,121,,141,,,,
1,143,131,,,126,,,
1,142,131,,,,,126,
0,144,114,,,149,,,
1,131,131,,,,,131,
1,140,114,,152,,,,
0,118,100,,140,,,,
2,174,167,,,171,,,
2,182,167,,,157,,,
2,162,163,,,163,,,
2,168,167,,,149,,,
3,162,151,,,181,,,
3,153,167,,,163,,,
2,171,159,,,157,,,
3,160,159,,,167,,,
3,176,159,,,150,,,
2,150,171,,153,,,,
4,168,153,,,163,,,
4,156,163,,,157,,,
3,156,148,,,181,,,
1,174,153,,,153,,,
1,153,159,165,,,,,
2,176,143,,170,,,,
1,162,153,,,155,,,
2,150,149,,144,,,,
2,158,151,,,131,,,
5,148,155,,,,,137,
2,148,148,,,140,,,
1,158,140,,,140,,,
0,140,143,,141,,,,
0,139,134,,153,,,,
0,140,134,136,,,,,
0,150,131,,,131,,,
1,131,131,,134,,,,
0,140,114,,,137,,,
1,138,126,,,107,,,
0,118,121,,130,,,,
0,131,114,,,121,,,
1,131,107,,134,,,,
4,154,150,,,,,114,
К,138,126,,138,,,,
1,138,126,,141,,,,
2,171,159,190,,,,,
1,171,159,,,149,,,
2,174,157,,,,,151,
1,168,145,,176,,,,
2,171,153,,,150,,,
3,156,157,,,157,,,
4,155,157,,,,,149,
1,149,150,,168,,,,
0,158,143,,160,,,,
4,155,137,,,152,,,
5,154,150,,,,,114,
3,151,114,,136,,,,
0,134,126,,124,,,,
0,144,152,,145,,,,
1,143,121,,144,,,,
1,165,200,,,157,,,
1,176,175,,178,,,,
1,176,167,,,181,,,
3,190,159,,164,,,,
2,162,171,,,167,,,
2,174,187,,,126,,,
3,182,155,,,163,,,
2,190,155,,,153,,,
1,186,153,,156,,,,
1,160,167,,,157,,,
3,168,155,,164,,,,
3,179,149,,160,,,,
2,162,152,,,150,,,
3,162,152,,144,,,,
0,155,149,,152,,,,
1,151,147,,159,,,,
1,143,153,,155,,,,
1,152,150,,,149,,,
1,168,137,,,148,,,
1,156,140,,156,,,,
4,153,148,,,140,,,
0,162,134,,154,,,,
1,138,151,,142,,,,
2,148,143,,146,,,,
0,152,140,,138,,,,
3,136,147,,144,,,,
0,156,134,,143,,,,
2,152,131,,151,,,,
2,142,140,,143,,,,
2,154,134,,138,,,,
1,146,131,,,151,,,
0,156,126,,,149,,,
1,140,140,,142,,,,
0,148,131,,146,,,,
1,142,134,,146,,,,
0,148,134,,,134,,,
1,144,131,,142,,,,
3,144,131,,134,,,,
0,144,126,,,140,,,
2,149,126,,,131,,,
4,136,131,,136,,,,
0,143,121,,143,,,,
0,134,126,,132,,,,
0,144,114,,141,,,,
0,140,121,,,,116,,
0,138,114,,132,,,,
2,140,107,,,121,,,
1,174,181,,,167,,,
1,182,193,,,171,,,
1,186,181,179,,,,,
1,165,181,,,181,,,
1,190,175,,,163,,,
1,190,150,,200,,,,
1,179,163,,168,,,,
1,190,152,,164,,,,
1,171,159,,,171,,,
1,168,167,,,153,,,
1,143,175,,,159,,,
1,184,147,,,,,,169
1,176,152,,,159,,,
1,169,152,,150,,,,
2,168,151,,,150,,,
1,174,149,,,147,,,
1,171,155,,,131,,,
1,152,150,,,153,,,
0,176,131,,159,,,,
0,145,147,,,159,,,
1,153,145,,151,,,,
2,135,147,,,,,,162
4,156,143,,147,,,,
1,145,140,150,,,,,
0,146,137,,,149,,,
0,165,134,,130,,,,
0,148,140,,140,,,,
0,150,145,,,126,,,
3,142,148,,,126,,,
3,150,134,,141,,,,
0,144,131,,,150,,,
0,145,131,,,147,,,
5,153,145,,,114,,,
0,151,131,,138,,,,
0,134,137,,,137,,,
0,145,131,,,134,,,
0,142,126,,148,,,,
0,138,134,,,134,,,
0,144,121,,154,,,,
1,143,126,,,140,,,
0,136,137,,124,,,,
0,148,121,,,140,,,
1,143,126,,130,,,,
0,140,126,,,131,,,
1,131,131,,,131,,,
0,144,126,,,121,,,
0,140,126,,,121,,,
0,138,121,,132,,,,
0,142,114,,,,,107,
0,131,114,,,114,,,
1,182,193,,192,,,,
1,195,171,,,171,,,
1,200,156,,186,,,,
1,165,150,,,175,,,
1,179,147,,166,,,,
2,174,153,,146,,,,
1,165,149,,155,,,,
2,158,148,,,148,,,
0,145,145,,153,,,,
1,155,143,,,131,,,
4,165,140,,,126,,,
0,138,140,,132,,,,
4,148,126,,,145,,,
1,143,131,,142,,,,
0,122,114,149,,,,,
0,142,126,,140,,,,
1,143,143,,,150,,,
1,153,137,,,126,,,
1,165,181,,,187,,,
1,171,157,,173,,,,
2,176,157,,159,,,,
1,172,162,,142,,,,
3,176,153,,,157,,,
2,179,152,,,152,,,
4,148,148,,,187,,,
2,153,150,,,151,,,
0,149,148,,,157,,,
1,151,149,,,143,,,
3,155,143,,,148,,,
4,155,143,,140,,,,
0,153,143,,134,,,,
2,144,140,,,148,,,
2,144,143,,140,,,,
2,138,131,,154,,,,
1,150,126,,134,,,,
0,146,114,,138,,,,
0,128,121,,136,,,,
0,105,100,,124,,,,
К,143,143,,,,,131,
1,174,175,,,157,,,
1,165,171,,,157,,,
2,179,159,,,163,,,
2,155,181,,,147,,,
1,174,149,,188,,,,
1,179,159,,,153,,,
1,162,163,,162,,,,
1,174,150,,,171,,,
2,171,153,,,167,,,
1,165,151,,181,,,,
4,179,153,,,147,,,
1,162,157,,,157,,,
4,160,150,,,159,,,
1,151,150,,,147,,,
0,145,145,,,137,,,
1,138,137,,,145,,,
0,144,100,,140,,,,
1,182,171,,,152,,,
3,190,148,,184,,,,
1,176,159,,166,,,,
1,171,152,,,175,,,
1,182,152,,162,,,,
1,156,150,,,187,,,
1,149,150,,,187,,,
1,160,157,,162,,,,
1,163,149,,167,,,,
2,160,143,,159,,,,
2,152,152,,143,,,,
2,174,131,,,152,,,
1,138,147,,138,,,,
2,151,137,,127,,,,
0,149,134,,,126,,,
0,140,131,,,131,,,
0,140,121,,141,,,,
К,172,152,,147,,,,
1,151,142,,150,,,,
1,156,143,,,,,143,
5,144,157,,136,,,,
3,143,150,148,,,,,
1,142,147,,142,,,,
2,140,149,,,140,,,
4,146,149,,,,,145,
1,146,140,,146,,,,
2,142,143,,142,,,,
1,144,140,,130,,,,
4,143,140,,144,,,,
1,149,134,,136,,,,
2,138,134,,152,,,,
1,140,134,,146,,,,
1,140,136,,138,,,,
3,150,134,,141,,,,
2,138,134,,134,,,,
1,143,150,,,,,114,
1,136,134,,,,121,,
1,136,126,,141,,,,
3,142,137,,,121,,,
1,151,145,,,,,107,
1,140,121,,140,,,,
3,144,121,,145,,,,
1,122,126,149,,,,,
1,138,121,,134,,,,
2,122,114,,144,,,,
0,134,100,142,,,,,
5,156,134,,,159,,,
К,,,,,,,,
К,,,,,,,,
К,,,,,,,,
К,,,,,,,,
К,,,,,,,,
К,,,,,,,,
К,,,,,,,,
К,,,,,,,,
К,,,,,,,,
2,144,121,,144,,,,
1,125,107,,130,,,,
К,,,,,,,,
К,,,,,,,,
К,,,,,,,,
К,,,,,,,,
К,,,,,,,,
К,,,,,,,,
К,,,,,,,,
К,,,,,,,,
К,,,,,,,,
К,,,,,,,,
К,,,,,,,,
К,,,,,,,,
2,143,167,,,175,,,
1,151,159,,,,,151,
1,154,149,,157,,,,
1,145,151,,146,,,,
4,145,151,,,157,,,
4,155,134,,,175,,,
1,148,147,,,143,,,
3,149,148,,152,,,,
2,150,148,,134,,,,
1,152,143,,141,,,,
3,158,137,,146,,,,
2,144,134,,145,,,,
4,138,140,,145,,,,
1,160,134,,,,,126,
1,134,137,,,,,137,
3,165,121,,,140,,,
1,140,134,,130,,,,
1,125,140,,132,,,,
2,156,114,,,147,,,
3,148,151,,,,,114,
1,143,121,,142,,,,
2,132,116,,,,,120,
1,125,114,,127,,,,
1,145,134,,149,,,,
К,,,,,,,,
К,,,,,,,,
К,,,,,,,,
1,158,151,,,,,107,
1,176,181,,,175,,,
1,190,147,,188,,,,
1,182,159,,,153,,,
1,182,159,,,150,,,
1,160,163,,157,,,,
1,154,171,,,,,145,
1,152,159,,,159,,,
2,153,153,,,167,,,
2,160,147,,,157,,,
1,153,153,,,151,,,
1,155,151,,,147,,,
1,156,149,,149,,,,
1,154,147,,155,,,,
1,154,148,,148,,,,
1,146,151,,150,,,,
1,149,147,,148,,,,
1,171,131,,153,,,,
1,142,145,,157,,,,
1,146,149,,,,,140,
5,153,147,,,137,,,
1,148,140,,,,,143,
1,145,145,,130,,,,
1,156,143,,,,,131,
1,146,137,,143,,,,
1,149,131,,145,,,,
2,144,140,,127,,,,
2,144,140,,130,,,,
1,142,126,,130,,,,
1,130,124,,,144,,,
2,135,118,,140,,,,
1,128,114,,140,,,,
1,195,188,,,184,,,
1,186,175,,,159,,,
2,165,148,,,171,,,
1,155,151,,,175,,,
5,154,157,,146,,,,
2,146,150,,151,,,,
4,151,143,,,167,,,
2,145,145,,158,,,,
4,151,149,,,152,,,
1,151,140,,,145,,,
3,152,140,,145,,,,
1,144,140,,141,,,,
1,150,134,147,,,,,
1,151,131,,,148,,,
2,145,137,,141,,,,
3,144,145,,134,,,,
1,145,137,,138,,,,
2,131,140,,130,,,,
2,142,131,,134,,,,
2,144,126,,142,,,,
2,144,126,,140,,,,
1,154,121,,132,,,,
0,142,126,,145,,,,
1,160,150,,,145,,,
1,151,149,,153,,,,
5,152,150,,,149,,,
4,142,148,,,148,,,
1,151,159,,,,,121,
2,140,145,136,,,,,
1,149,150,,,,,126,
1,131,134,,168,,,,
2,143,147,,,121,,,
1,131,150,,124,,,,
2,134,137,,148,,,,
3,146,134,,,134,,,
2,143,126,,141,,,,
1,140,121,,152,,,,
0,106,109,,,,,,138
1,168,181,,,,,155,
1,144,175,,,171,,,
1,160,159,,155,,,,
1,168,147,,149,,,,
1,153,151,,154,,,,
1,150,153,,,,,150,
1,153,147,,136,,,,
1,145,147,,142,,,,
3,153,148,,140,,,,
1,140,143,,150,,,,
1,148,140,,,143,,,
1,142,138,,150,,,,
2,154,126,,,155,,,
2,156,126,,144,,,,
1,140,114,,181,,,,
3,128,140,,145,,,,
2,146,126,,134,,,,
2,145,125,,136,,,,
2,131,131,,136,,,,
1,125,131,,130,,,,
1,125,126,,140,,,,
3,148,131,,140,,,,
1,145,143,,148,,,,
К,,,,,,,,
К,,,,,,,,
К,,,,,,,,
К,,,,,,,,
К,,,,,,,,
К,,,,,,,,
1,143,149,,138,,,,
1,153,147,,,126,,,
1,144,145,,,,,137,
1,118,114,,134,,,,
К,,,,,,,,
К,,,,,,,,
К,,,,,,,,
К,,,,,,,,
К,,,,,,,,
К,,,,,,,,
К,,,,,,,,
К,,,,,,,,
К,,,,,,,,
К,,,,,,,,
К,,,,,,,,
К,,,,,,,,
К,,,,,,,,
К,,,,,,,,
К,,,,,,,,
К,,,,,,,,
К,,,,,,,,
К,,,,,,,,
К,,,,,,,,
2,151,140,,153,,,,
3,148,137,146,,,,,
5,140,137,,146,,,,
3,145,134,,,,142,,
3,143,131,,148,,,,
1,142,131,128,,,,,
1,144,131,,,,,126,
2,145,114,,,140,,,
К,,,,,,,,
К,,,,,,,,
1,186,151,,157,,,,
2,156,150,,143,,,,
1,150,150,,146,,,,
5,144,147,,,147,,,
3,134,153,,134,,,,
К,,,,,,,,
К,,,,,,,,
К,,,,,,,,
К,,,,,,,,
К,,,,,,,,
К,,,,,,,,
К,,,,,,,,
К,,,,,,,,
К,,,,,,,,
К,,,,,,,,
1,160,159,,,151,,,
0,158,137,,,,140,,
К,,,,,,,,
К,,,,,,,,
1,179,159,155,,,,,
1,171,157,,,152,,,
1,162,149,158,,,,,
1,144,151,168,,,,,
1,154,148,,166,,,,
3,165,150,,,150,,,
2,142,137,,134,,,,
0,134,100,140,,,,,
1,179,155,,,,,157,
3,154,152,,,,,147,
1,146,143,,155,,,,
1,138,148,,146,,,,
1,122,131,,136,,,,
К,,,,,,,,
К,,,,,,,,
К,,,,,,,,
К,,,,,,,,
К,,,,,,,,
К,,,,,,,,
1,186,181,,,159,,,
1,182,167,,,171,,,
1,176,163,,,147,,,
4,168,152,,,149,,,
2,144,147,,142,,,,
1,160,153,,,,,126,
1,171,145,,,,,121,
5,145,140,,,150,,,
1,135,144,,138,,,,
2,155,121,,,155,,,
1,144,134,,142,,,,
1,137,131,,146,,,,
4,128,121,,127,,,,
0,150,100,,132,,,,
1,158,167,,,,,140,
3,165,149,,168,,,,
2,171,147,,142,,,,
1,148,155,,,152,,,
1,155,151,,,,,150,
1,150,149,,,148,,,
1,146,150,,,143,,,
1,150,140,,,151,,,
1,144,137,,141,,,,
1,136,140,,142,,,,
1,144,126,,,140,,,
3,131,137,,140,,,,
3,140,131,,138,,,,
1,136,126,,141,,,,
0,154,167,,,,,140,
К,,,,,,,,
К,,,,,,,,
К,,,,,,,,
К,,,,,,,,
К,,,,,,,,
К,,,,,,,,
К,,,,,,,,
К,,,,,,,,
К,,,,,,,,
К,,,,,,,,
К,,,,,,,,
1,144,114,,138,,,,
1,186,187,,156,,,,
1,174,167,,,171,,,
2,195,157,,,152,,,
1,186,175,,,126,,,
1,174,163,,,163,,,
1,176,163,,,155,,,
2,179,152,,,167,,,
2,179,153,,160,,,,
1,156,175,,,,,152,
1,160,163,,160,,,,
1,154,153,,,181,,,
2,168,153,,,163,,,
1,158,152,,,171,,,
2,176,151,,145,,,,
1,174,159,,,,,143,
2,148,151,,,174,,,
1,171,149,,,148,,,
1,154,157,,,151,,,
1,155,151,,,161,,,
4,165,157,,,148,,,
1,165,145,,,159,,,
2,155,155,,150,,,,
1,158,150,,,157,,,
2,162,149,,,156,,,
4,174,151,,,148,,,
1,155,157,,,,,149,
1,152,148,,168,,,,
3,151,151,,,171,,,
4,160,152,,158,,,,
4,168,150,,,151,,,
1,153,153,,149,,,,
4,148,163,,145,,,,
1,153,153,,,148,,,
1,160,157,,,,,140,
1,148,155,146,,,,,
5,162,150,,,152,,,
2,153,151,,,148,,,
1,149,147,,,159,,,
2,149,152,,,149,,,
2,152,147,,156,,,,
2,147,144,,164,,,,
2,154,148,,,148,,,
2,153,147,,149,,,,
1,158,143,151,,,,,
5,154,150,,154,,,,
1,144,150,,154,,,,
2,152,151,,,140,,,
5,154,159,,,134,,,
4,148,150,,,159,,,
4,174,152,,,,,137,
1,150,148,,,147,,,
1,145,148,,150,,,,
2,145,143,,151,,,,
1,148,114,,140,,,,
0,146,114,,,137,,,
4,132,109,,,114,,,
К,,,,,,,,
К,,,,,,,,
К,,,,,,,,
К,,,,,,,,
К,,,,,,,,
К,,,,,,,,
К,,,,,,,,
К,,,,,,,,
К,,,,,,,,
К,,,,,,,,
К,,,,,,,,
К,,,,,,,,
К,,,,,,,,
К,,,,,,,,
К,,,,,,,,
К,,,,,,,,
5,150,147,,,149,,,
1,140,147,,,147,,,
3,154,143,,143,,,,
4,145,151,,132,,,,
5,152,137,,,147,,,
4,139,136,,150,,,,
5,148,137,,,121,,,
3,136,137,,,,,134,
4,143,131,,,126,,,
3,148,147,,,151,,,
1,150,163,,,150,,,
5,156,152,,,148,,,
1,148,145,,,,135,,
4,151,148,,136,,,,
0,138,121,,130,,,,
К,,,,,,,,
1,155,167,,146,,,,
4,165,145,,,137,,,
5,146,140,145,,,,,
3,146,145,,134,,,,
2,153,131,,,137,,,
4,134,134,,127,,,,
К,,,,,,,,
