p,Українська мова,Математика,Історія України,Іноземна мова,Біологія,Фізика,Українська література,Географія,Українська мова і література,Хімія,Творчий конкурс
1,159,140,140,169,,,,,,,
2,155,131,,,176,,,,,,
1,154,147,136,,152,,,,,,
3,149,159,143,,,145,,,,,
1,160,140,146,,,,140,,,,
0,146,131,,140,,,,,,,
1,162,137,147,,,,180,,,,
4,168,149,,155,,,,,,,
4,162,155,145,,,,163,,,,
2,162,150,169,143,,,,,,,
1,172,147,143,159,,,,,,,
1,149,163,140,,154,,,,,,
1,157,148,144,,,,,150,,,
1,143,145,140,,,,,145,,,
1,143,137,138,,146,,,,,,
2,150,123,140,149,,,,,,,
1,160,100,143,,,,145,,,,
0,142,108,140,152,,,,,,,
0,143,115,140,,,,,136,,,
2,131,123,130,125,,,,,,,
К,149,143,136,,,,,146,,,
К,150,123,134,134,,,,,,,
4,160,115,158,,,,,131,,,
2,148,131,127,,,,142,,,,
1,159,194,191,179,,,,,,,
1,186,167,181,,,,,177,,,
1,175,173,197,147,,,,,,,
0,170,155,183,,,,,158,,,
1,165,163,158,,,,,150,,,
1,170,149,147,,,,,152,,,
1,165,150,151,152,,,,,,,
0,154,163,145,150,,,,,,,
0,163,151,152,147,,,,,,,
0,154,148,152,,,,159,,,,
1,167,143,147,153,,,,,,,
2,170,148,169,118,,,,,,,
3,154,147,149,,,,,154,,,
2,172,145,148,134,,,,,,,
1,163,149,148,140,,,,,,,
1,151,137,173,,,,,,,,
3,159,150,151,137,,,,,,,
5,145,170,140,134,,,,,,,
1,154,145,150,148,,,,,,,
1,150,140,151,,,,160,,,,
2,152,143,150,148,,,,,,,
1,160,145,144,137,,,,,,,
0,167,115,158,159,,,,,,,
1,150,148,141,147,,,,,,,
3,156,149,140,137,,,,,,,
1,149,143,147,149,,,,,,,
1,159,134,136,,,,159,,,,
1,145,140,154,151,,,,,,,
4,152,140,146,,148,,,,,,
1,143,148,144,,,,,148,,,
1,144,137,150,,,,,154,,,
0,136,137,145,,,,,164,,,
0,175,108,168,140,,,,,,,
0,154,137,142,,146,,,,,,
1,148,134,144,,,,,151,,,
1,149,145,,134,,,,,,,
1,146,134,151,,,,,147,,,
1,157,148,127,131,,,,,,,
3,146,137,146,137,,,,,,,
1,152,137,134,140,,,,,,,
1,154,140,144,118,,,,,,,
4,143,140,124,153,,,,,,,
1,140,134,144,,,,,142,,,
4,152,123,143,140,,,,,,,
1,145,140,,126,,,,,,,
2,150,134,141,125,,,,,,,
1,142,123,149,143,,,,,,,
1,150,108,154,,151,,,,,,
5,142,131,140,,,,,136,,,
3,143,115,152,,148,,,,,,
3,159,115,138,134,,,,,,,
1,144,137,138,118,,,,,,,
0,146,108,147,,,,,146,,,
5,142,108,140,,,,,152,,,
3,150,115,124,,,,,147,,,
2,136,108,145,,,,,149,,,
0,157,123,138,109,,,,,,,
0,152,108,136,,,,,138,,,
1,143,134,,114,,,,,,,
1,144,108,141,143,,,,,,,
0,157,115,132,118,,,,,,,
0,134,108,142,,,,,145,,,
1,120,131,127,,151,,,,,,
0,142,115,134,125,,,,,,,
0,125,115,134,147,,,,,,,
1,110,123,136,,144,,,,,,
0,138,108,134,,,,115,,,,
0,110,100,136,,134,,,,,,
2,154,145,146,,,,136,,,,
3,165,170,145,166,,,,,,,
1,177,148,145,,148,,,,,,
4,177,137,148,,,,148,,,,
0,157,148,143,162,,,,,,,
0,146,152,144,140,,,,,,,
0,,144,,,,,,150,140,,
1,152,143,144,,,,,136,,,
1,149,134,148,,,,,146,,,
3,149,147,143,,,,131,,,,
1,159,131,141,140,,,,,,,
1,140,143,142,,,,,144,,,
0,145,145,149,125,,,,,,,
1,143,148,134,,,134,,,,,
0,148,131,134,153,,,,,,,
0,149,100,156,155,,,,,,,
0,142,123,142,,,,138,,,,
1,142,108,141,,147,,,,,,
1,145,115,152,,,,,119,,,
0,140,123,134,109,,,,,,,
2,143,100,132,,,,,134,,,
2,143,100,136,,,,131,,,,
0,115,115,136,,,,,131,,,
1,143,147,152,148,,,,,,,
3,136,134,140,,,,,146,,,
1,175,170,179,,,,,152,,,
1,183,150,156,157,,,,,,,
1,154,159,149,151,,,,,,,
1,162,148,147,147,,,,,,,
1,143,155,151,,160,,,,,,
2,157,143,152,149,,,,,,,
1,165,131,151,153,,,,,,,
0,156,137,144,,,,152,,,,
4,163,134,144,140,,,,,,,
0,143,145,134,,,,,150,,,
1,159,134,138,140,,,,,,,
3,134,143,141,,,,,150,,,
1,162,131,132,,,,,142,,,
1,146,131,146,,149,,,,,,
3,154,123,147,,149,,,,,,
2,145,131,136,,140,,,,,,
2,145,123,147,,,,,140,,,
1,145,131,140,,,,,134,,,
2,145,108,144,,,,,142,,,
3,146,100,138,,,,,148,,,
0,125,115,130,,146,,,,,,
0,125,108,130,,,137,,,,,
1,154,108,154,,,,170,,,,
1,170,151,163,147,,,,,,,
2,160,150,146,143,,,,,,,
5,145,148,158,,,,,152,,,
1,175,137,146,140,,,,,,,
2,146,149,130,162,,,,,,,
1,148,148,140,143,,,,,,,
1,149,134,148,,,,,152,,,
0,149,140,140,,,,,149,,,
0,165,123,142,,152,,,,,,
0,146,123,146,,,,,149,,,
0,148,131,136,131,,,,,,,
2,145,131,136,134,,,,,,,
0,160,100,150,,,,148,,,,
1,140,125,144,,,,,,,,
1,144,115,141,137,,,,,,,
2,140,123,132,,,,131,,,,
1,150,123,144,,,,,146,,,
К,160,134,140,200,,,,,,,
К,175,140,145,,166,,,,,,
К,175,159,143,134,,,,,,,
К,154,163,154,143,,,,,,,
К,170,140,156,149,,,,,,,
К,177,134,147,153,,,,,,,
К,150,150,150,157,,,,,,,
К,172,134,143,137,,,,,,,
К,157,140,136,137,,,,,,,
К,146,134,132,,,,,131,,,
К,142,131,136,,,,115,,,,
К,138,100,134,147,,,,,,,
К,125,108,143,,,,125,,,,
К,183,159,149,131,,,,,,,
К,157,152,141,157,,,,,,,
К,156,143,138,,,,,160,,,
К,162,140,143,151,,,,,,,
К,156,137,154,131,,,,,,,
К,143,140,142,,,,,144,,,
К,144,126,162,,,,,,,,
К,148,134,136,148,,,,,,,
К,156,131,127,149,,,,,,,
К,140,137,132,,136,,,,,,
К,136,123,148,,,,,134,,,
К,,116,,,109,,,,130,,
К,186,176,156,179,,,,,,,
К,190,150,142,,,,,,,,
К,144,108,147,,,,,138,,,
К,138,100,166,,128,,,,,,
К,138,123,140,,,,105,,,,
К,131,100,134,,,,,138,,,
К,125,131,154,,,,,,,,
К,172,173,173,145,,,,,,,
К,150,147,151,152,,,,,,,
К,136,131,132,125,,,,,,,
К,,119,,,,,,133,129,,
К,136,107,149,,,,,,,,
2,177,149,143,143,,,,,,,
1,143,108,130,,136,,,,,,
1,131,108,136,,,,,134,,,
1,175,167,185,179,,,,,,,
1,172,173,169,169,,,,,,,
3,170,163,175,,,,,164,,,
1,183,145,151,166,,,,,,,
1,152,150,148,,177,,,,,,
2,162,150,143,148,,,,,,,
0,163,143,148,,,,,145,,,
2,146,151,149,153,,,,,,,
0,148,143,158,148,,,,,,,
0,142,159,138,,,,,,,,
1,162,134,140,,,,148,,,,
0,,155,,,148,,,,129,,
2,152,134,144,145,,,,,,,
1,145,140,140,,,,,144,,,
1,146,148,124,143,,,,,,,
0,145,140,136,145,,,,,,,
1,143,137,146,,,,,142,,,
1,154,131,136,,140,,,,,,
0,130,130,140,,,,,140,,,
1,146,115,134,,,,148,,,,
2,140,143,124,,,,120,,,,
1,138,108,144,,,,,149,,,
0,148,108,142,143,,,,,,,
1,142,108,145,143,,,,,,,
2,145,115,134,,,,138,,,,
2,145,108,141,,,,,136,,,
1,136,108,145,145,,,,,,,
0,138,123,144,118,,,,,,,
0,152,131,120,109,,,,,,,
0,146,100,138,,,,143,,,,
0,145,108,120,143,,,,,,,
0,148,100,138,131,,,,,,,
0,145,108,127,,,,131,,,,
1,140,100,136,,,,,131,,,
2,144,100,136,118,,,,,,,
1,142,108,134,100,,,,,,,
0,125,115,127,109,,,,,,,
0,131,100,130,118,,,,,,,
К,160,155,138,151,,,,,,,
2,148,137,130,,,,,149,,,
4,180,152,170,,,,183,,,,
3,163,149,191,,,,,179,,,
1,156,181,143,,,,,,,,
4,175,159,170,137,,,,,,,
5,180,143,163,,,,162,,,,
1,160,148,154,,,,,162,,,
2,156,131,169,179,,,,,,,
1,159,147,145,159,,,,,,,
5,156,147,146,152,,,,,,,
0,149,147,152,,,,,154,,,
1,159,149,142,145,,,,,,,
1,163,140,146,,,,,146,,,
1,138,140,152,,,,,160,,,
1,152,148,151,118,,,,,,,
2,134,143,144,,,,,149,,,
4,152,131,145,,,,,142,,,
2,142,140,138,,,,146,,,,
1,150,145,138,118,,,,,,,
0,138,131,134,,,,,136,,,
5,120,134,141,,,,,131,,,
0,138,115,136,109,,,,,,,
К,143,143,154,,,,143,,,,
2,172,149,170,,,,,162,,,
1,150,151,160,,,,,166,,,
3,143,145,145,,154,,,,,,
2,150,108,145,,,,,164,,,
3,135,119,,,148,,,,,,
1,148,170,142,,,156,,,,,
1,180,147,156,149,,,,,,,
1,152,150,169,152,,,,,,,
1,162,145,158,140,,,,,,,
1,136,134,146,140,,,,,,,
2,146,131,124,,,,,136,,,
4,131,131,151,131,,,,,,,
1,136,131,134,125,,,,,,,
1,200,200,192,,,,,,,,
1,186,189,197,162,,,,,,,
1,180,184,179,185,,,,,,,
1,180,180,197,179,,,,,,,
2,195,170,177,185,,,,,,,
1,173,173,,194,,,,,,,
5,180,194,172,155,,,,,,,
1,183,189,170,,,164,,,,,
2,180,167,143,200,,,,,,,
2,177,180,185,153,,,,,,,
1,167,173,160,185,,,,,,,
1,165,170,169,185,,,,,,,
2,160,194,168,149,,,,,,,
1,157,180,170,,,,,,,,
1,162,184,163,,,,,160,,,
1,153,193,,151,,,,,,,
1,167,173,147,185,,,,,,,
1,177,170,160,169,,,,,,,
1,180,167,160,169,,,,,,,
1,154,180,168,166,,,,,,,
1,162,189,152,152,,,,,,,
2,160,170,160,179,,,,,,,
2,165,173,170,162,,,,,,,
1,167,176,151,162,,,,,,,
1,167,155,175,179,,,,,,,
1,186,149,173,169,,,,,,,
1,186,155,172,,,,,151,,,
1,170,148,177,179,,,,,,,
1,162,155,147,191,,,,,,,
2,170,184,136,,,147,,,,,
1,165,167,154,162,,,,,,,
3,182,153,160,,,,,,,,
1,163,155,183,162,,,,,,,
1,163,167,146,166,,,,,,,
2,156,176,152,151,,,,,,,
1,180,152,175,151,,,,,,,
2,163,167,151,159,,,,,,,
1,177,152,169,155,,,,,,,
1,152,170,146,,,164,,,,,
1,159,176,148,,,150,,,,,
1,150,173,152,155,,,,,,,
2,180,170,141,137,,,,,,,
1,165,159,149,162,,,,,,,
5,167,149,181,155,,,,,,,
1,172,150,154,166,,,,,,,
1,177,147,144,169,,,,,,,
2,186,150,141,157,,,,,,,
0,174,156,156,,,,,,,,
2,167,167,144,145,,,,,,,
0,156,163,141,162,,,,,,,
2,157,163,147,157,,,,,,,
1,163,163,145,152,,,,,,,
3,150,147,,181,,,,,,,
1,180,159,173,118,,,,,,,
1,162,159,149,150,,,,,,,
1,159,149,152,166,,,,,,,
1,167,152,151,153,,,,,,,
1,167,147,151,,,,156,,,,
1,157,151,150,159,,,,,,,
1,148,145,173,162,,,,,,,
1,162,148,177,140,,,,,,,
1,167,151,146,,,,,144,,,
1,156,159,166,131,,,,,,,
1,157,151,143,,,156,,,,,
1,165,151,146,147,,,,,,,
1,170,147,147,,144,,,,,,
1,163,150,146,149,,,,,,,
1,156,151,151,151,,,,,,,
3,160,151,143,,,,,146,,,
4,157,149,149,150,,,,,,,
1,150,150,146,,158,,,,,,
5,152,145,160,152,,,,,,,
0,148,151,143,157,,,,,,,
1,154,148,147,,,,,,,,
1,148,151,146,151,,,,,,,
0,156,151,150,140,,,,,,,
1,148,152,143,,151,,,,,,
1,162,145,144,147,,,,,,,
0,148,148,141,157,,,,,,,
0,157,145,146,148,,,,,,,
1,154,145,148,149,,,,,,,
0,142,149,160,,,,,144,,,
1,150,150,149,143,,,,,,,
1,144,151,154,143,,,,,,,
1,159,143,140,149,,,,,,,
1,144,150,147,147,,,,,,,
3,144,143,142,162,,,,,,,
3,159,115,160,179,,,,,,,
0,148,143,142,153,,,,,,,
2,148,155,145,131,,,,,,,
1,149,143,149,147,,,,,,,
0,145,147,140,150,,,,,,,
К,154,143,138,,,,,152,,,
К,146,123,145,,,,,140,,,
К,138,151,148,134,,,,,,,
1,156,163,170,169,,,,,,,
1,165,145,169,155,,,,,,,
1,159,148,173,151,,,,,,,
1,150,140,150,150,,,,,,,
2,142,145,136,145,,,,,,,
1,143,134,151,143,,,,,,,
1,191,180,156,191,,,,,,,
1,183,180,166,179,,,,,,,
1,167,180,188,173,,,,,,,
1,180,194,173,,,152,,,,,
1,177,189,163,147,,,,,,,
1,177,189,146,155,,,,,,,
1,145,184,181,,,,,168,,,
1,180,151,173,191,,,,,,,
1,191,155,163,179,,,,,,,
1,165,194,142,153,,,,,,,
1,191,159,179,157,,,,,,,
2,191,163,173,153,,,,,,,
1,160,163,147,200,,,,,,,
1,167,184,168,143,,,,,,,
1,167,159,163,185,,,,,,,
1,175,170,160,159,,,,,,,
1,162,155,166,185,,,,,,,
1,177,170,158,148,,,,,,,
1,167,163,170,,,,,160,,,
1,183,170,150,143,,,,,,,
1,165,167,141,169,,,,,,,
1,172,155,170,162,,,,,,,
1,157,173,175,143,,,,,,,
2,165,167,169,147,,,,,,,
1,172,163,173,143,,,,,,,
1,165,170,141,157,,,,,,,
1,160,163,148,169,,,,,,,
1,165,155,158,169,,,,,,,
1,163,152,172,166,,,,,,,
1,175,143,179,,,,,164,,,
3,170,159,152,159,,,,,,,
1,170,143,170,173,,,,,,,
1,177,149,150,169,,,,,,,
2,163,159,163,157,,,,,,,
1,165,159,158,157,,,,,,,
3,177,143,156,173,,,,,,,
1,162,159,143,169,,,,,,,
1,165,149,156,173,,,,,,,
0,165,151,156,166,,,,,,,
5,180,149,146,157,,,,,,,
1,167,159,158,,,145,,,,,
1,154,150,160,166,,,,,,,
1,172,149,154,152,,,,,,,
1,146,149,177,,,,,164,,,
2,156,159,163,143,,,,,,,
1,149,152,156,166,,,,,,,
1,159,159,136,157,,,,,,,
2,172,151,146,148,,,,,,,
1,172,148,150,,,,,145,,,
1,159,148,156,,156,,,,,,
1,152,147,142,173,,,,,,,
1,152,151,,157,,,,,,,
1,154,159,150,143,,,,,,,
1,156,163,143,137,,,,,,,
1,148,149,143,166,,,,,,,
2,170,145,145,148,,,,,,,
1,154,150,151,150,,,,,,,
0,152,145,158,155,,,,,,,
1,154,150,136,159,,,,,,,
1,162,152,147,140,,,,,,,
1,142,148,164,,,,,,,,
1,163,149,136,145,,,,,,,
1,154,140,169,143,,,,,,,
1,163,147,138,143,,,,,,,
0,152,151,,140,,,,,,,
1,156,148,145,143,,,,,,,
1,167,134,154,148,,,,,,,
1,162,140,150,145,,,,,,,
2,157,149,136,140,,,,,,,
1,154,147,138,,,,144,,,,
1,145,145,147,150,,,,,,,
1,151,145,,140,,,,,,,
1,142,150,138,,,,,,,,
1,146,149,140,140,,,,,,,
1,146,143,143,,,,,145,,,
0,156,131,148,151,,,,,,,
5,142,140,140,,,,,151,,,
0,142,140,147,,,,,,,,
2,145,137,143,,,,,140,,,
0,152,134,144,137,,,,,,,
0,145,131,149,,,,,145,,,
0,142,137,143,140,,,,,,,
1,144,131,141,,,,146,,,,
0,146,131,145,137,,,,,,,
1,138,147,130,125,,,,,,,
0,143,134,132,,,,,140,,,
0,148,140,127,125,,,,,,,
5,138,131,134,,,,,138,,,
1,157,108,140,152,,,,,,,
2,144,123,143,137,,,,,,,
4,146,115,168,,,131,,,,,
0,140,128,134,,,,,,,,
1,138,131,140,125,,,,,,,
1,146,108,147,,,,,156,,,
1,163,173,175,153,,,,,,,
1,191,194,194,157,,,,,,,
1,194,172,200,,,,,,,,
1,159,189,143,185,,,,,,,
1,162,176,170,179,,,,,,,
1,175,189,150,145,,,,,,,
1,170,167,179,166,,,,,,,
1,183,167,173,155,,,,,,,
1,175,176,156,157,,,,,,,
1,183,170,166,152,,,,,,,
1,162,181,,147,,,,,,,
1,172,149,191,,,,165,,,,
5,159,140,149,152,,,,,,,
1,170,135,140,,,,,,,,
1,165,150,,167,,,,,,,
5,165,155,163,153,,,,,,,
1,172,143,183,152,,,,,,,
1,159,173,132,143,,,,,,,
1,153,155,,155,,,,,,,
1,148,151,143,173,,,,,,,
2,167,151,149,149,,,,,,,
1,142,170,130,,,145,,,,,
1,152,145,143,162,,,,,,,
1,160,134,168,,,,157,,,,
0,149,151,146,,,,,152,,,
0,150,145,151,149,,,,,,,
1,156,150,144,137,,,,,,,
2,148,145,152,143,,,,,,,
1,144,147,134,150,,,,,,,
1,157,137,148,140,,,,,,,
5,162,140,151,,,131,,,,,
1,149,150,146,125,,,,,,,
3,138,134,152,,,,,147,,,
2,143,137,143,,,,,140,,,
1,135,136,140,,,,,,,,
1,143,123,136,150,,,,,,,
1,143,123,141,140,,,,,,,
2,143,115,144,150,,,,,,,
1,149,108,145,149,,,,,,,
0,149,131,146,109,,,,,,,
0,140,131,120,125,,,,,,,
0,140,131,134,109,,,,,,,
1,115,137,130,118,,,,,,,
0,131,108,132,147,,,,,,,
0,145,115,136,118,,,,,,,
0,134,131,136,,,100,,,,,
К,145,148,145,,,,,146,,,
1,180,163,166,153,,,,,,,
2,177,152,166,162,,,,,,,
1,183,152,146,166,,,,,,,
1,156,152,147,,,160,,,,,
4,154,149,142,152,,,,,,,
1,159,149,142,145,,,,,,,
1,172,131,150,,,149,,,,,
0,140,145,145,159,,,,,,,
1,144,150,144,145,,,,,,,
1,143,143,154,145,,,,,,,
1,152,137,138,140,,,,,,,
1,163,123,143,,,,148,,,,
1,150,131,145,143,,,,,,,
1,140,137,134,147,,,,,,,
2,128,134,,159,,,,,,,
1,146,131,144,,,,,144,,,
1,146,131,144,,,,,134,,,
1,145,131,141,137,,,,,,,
1,125,140,134,,,,,145,,,
0,148,123,130,150,,,,,,,
0,143,123,156,137,,,,,,,
0,144,143,141,109,,,,,,,
0,142,131,143,,,,125,,,,
0,142,123,134,,148,,,,,,
0,134,123,146,137,,,,,,,
1,125,134,140,,,,125,,,,
1,131,123,150,131,,,,,,,
0,134,115,140,,148,,,,,,
0,142,115,143,,,131,,,,,
1,140,115,142,134,,,,,,,
0,131,115,148,,140,,,,,,
1,143,115,130,,,,,140,,,
1,145,108,136,,,,,144,,,
2,150,100,146,140,,,,,,,
1,143,108,142,,,,,136,,,
0,144,107,136,,,,,,,,
2,146,100,138,118,,,,,,,
0,115,100,120,131,,,,,,,
1,165,150,175,159,,,,,,,
3,156,159,144,159,,,,,,,
1,163,159,141,,,,152,,,,
5,157,159,142,,,,,154,,,
3,152,151,,152,,,,,,,
1,183,134,130,,,,162,,,,
3,175,148,158,118,,,,,,,
1,144,147,140,162,,,,,,,
5,144,159,140,137,,,,,,,
1,148,149,142,143,,,,,,,
0,149,140,148,148,,,,,,,
2,145,163,140,100,,,,,,,
1,142,150,134,109,,,,,,,
2,143,137,138,125,,,,,,,
0,142,131,,131,,,,,,,
1,145,123,145,,,,134,,,,
0,140,100,136,,,,,150,,,
0,131,115,111,125,,,,,,,
0,134,108,140,100,,,,,,,
К,142,126,134,,,,,,,,
К,148,123,124,,,,110,,,,
1,191,176,185,169,,,,,,,
2,195,180,163,,,151,,,,,
1,177,173,148,,,,,146,,,
1,180,151,191,143,,,,,,,
1,186,159,151,143,,,,,,,
1,162,149,158,150,,,,,,,
1,134,131,142,,,,,146,,,
0,115,137,141,,,,138,,,,
0,142,108,120,,138,,,,,,
1,152,143,127,125,,,,,,,
1,183,151,168,191,,,,,,,
5,162,180,160,166,,,,,,,
1,175,163,168,,,,,160,,,
3,167,167,144,157,,,,,,,
1,157,173,152,149,,,,,,,
1,167,147,179,162,,,,,,,
1,175,151,150,166,,,,,,,
3,167,173,127,152,,,,,,,
1,154,173,138,157,,,,,,,
4,170,148,163,166,,,,,,,
4,175,148,177,149,,,,,,,
2,150,134,138,,,100,,,,,
1,176,147,154,,,,,,,,
1,167,143,169,157,,,,,,,
1,165,145,147,166,,,,,,,
1,172,163,147,125,,,,,,,
5,177,140,172,137,,,,,,,
1,163,147,140,157,,,,,,,
1,149,155,143,148,,,,,,,
1,163,143,143,149,,,,,,,
0,148,148,143,151,,,,,,,
2,170,147,148,125,,,,,,,
1,154,148,146,140,,,,,,,
1,142,152,148,,,,,138,,,
0,157,140,151,140,,,,,,,
1,156,143,138,,,,142,,,,
3,146,140,148,150,,,,,,,
1,160,145,141,,,134,,,,,
5,144,152,146,131,,,,,,,
1,145,143,141,,146,,,,,,
0,156,126,162,,,,,,,,
0,136,140,152,145,,,,,,,
1,152,131,144,,152,,,,,,
3,160,131,149,137,,,,,,,
2,148,143,138,131,,,,,,,
3,146,134,138,145,,,,,,,
2,131,145,127,,151,,,,,,
2,143,134,138,,,,,149,,,
2,146,131,142,,,,,142,,,
0,144,137,138,125,,,,,,,
2,148,131,150,,,125,,,,,
0,138,137,138,118,,,,,,,
3,136,134,130,,,131,,,,,
1,140,123,130,,147,,,,,,
5,142,123,136,,,,,138,,,
0,146,108,144,150,,,,,,,
1,146,134,134,109,,,,,,,
0,118,121,134,,,,,,,,
2,132,105,,,,,,140,,,
1,105,108,141,,,,,142,,,
0,120,108,124,,,,134,,,,
1,175,152,166,162,,,,,,,
1,180,180,175,191,,,,,,,
1,177,184,188,,,,,164,,,
1,175,189,177,166,,,,,,,
1,172,180,160,,,173,,,,,
1,187,162,167,,,,,,,,
1,165,159,194,173,,,,,,,
5,177,176,147,162,,,,,,,
1,172,163,163,,,,,170,,,
1,177,167,152,162,,,,,,,
1,165,167,191,143,,,,,,,
1,172,173,140,150,,,,,,,
2,183,147,141,159,,,,,,,
1,175,167,142,131,,,,,,,
1,167,163,143,137,,,,,,,
5,150,155,156,149,,,,,,,
3,156,137,156,162,,,,,,,
1,159,148,143,148,,,,,,,
1,150,150,146,150,,,,,,,
2,140,152,154,,,,,147,,,
1,163,152,151,,,131,,,,,
1,147,146,154,,,,,,,,
1,143,152,142,148,,,,,,,
1,145,148,146,,,,,151,,,
0,149,147,152,,,,,140,,,
0,154,145,160,134,,,,,,,
1,145,151,148,140,,,,,,,
3,146,148,141,,,,,,,,
4,140,146,154,,,,,,,,
1,150,143,142,147,,,,,,,
1,138,145,148,,,150,,,,,
1,144,148,136,,,,,146,,,
0,157,134,150,,,,,,,,
2,149,137,138,155,,,,,,,
0,156,134,143,147,,,,,,,
3,154,151,143,118,,,,,,,
1,145,147,142,134,,,,,,,
1,154,137,142,134,,,,,,,
0,143,134,141,149,,,,,,,
0,138,143,143,,,,,136,,,
3,137,138,146,,,,,,,,
1,142,134,134,137,,,,,,,
1,134,131,132,,140,,,,,,
1,146,123,127,,,,,140,,,
2,138,115,145,,145,,,,,,
0,143,123,134,125,,,,,,,
2,143,150,146,,,,,149,,,
1,195,200,188,,,176,,,,,
1,172,184,185,,,156,,,,,
1,180,159,168,173,,,,,,,
2,175,159,163,166,,,,,,,
1,154,150,169,145,,,,,,,
3,152,147,134,145,,,,,,,
3,152,143,141,,,,,145,,,
3,149,134,148,153,,,,,,,
1,144,134,132,,,,,144,,,
3,136,121,136,,,,,,,,
1,136,115,134,,,131,,,,,
1,162,180,145,,,189,,,,,
3,163,176,144,159,,,,,,,
0,154,137,158,,,,,160,,,
1,150,143,150,147,,,,,,,
1,165,137,144,145,,,,,,,
0,148,140,142,151,,,,,,,
1,143,143,,145,,,,,,,
4,152,137,142,131,,,,,,,
3,148,115,156,,,,,147,,,
3,142,137,138,118,,,,,,,
2,138,115,141,155,,,,,,,
0,152,108,142,,152,,,,,,
0,143,131,132,109,,,,,,,
2,148,115,127,,,,115,,,,
1,183,155,168,185,,,,,,,
1,183,167,183,200,,,,,,,
1,170,189,169,159,,,,,,,
1,183,173,145,152,,,,,,,
1,170,150,142,191,,,,,,,
1,170,173,144,150,,,,,,,
1,167,155,156,,,,163,,,,
1,180,150,177,143,,,,,,,
1,160,147,168,173,,,,,,,
1,177,150,152,131,,,,,,,
2,144,148,145,,144,,,,,,
1,146,131,138,,160,,,,,,
1,143,145,142,118,,,,,,,
5,146,123,142,,,,,149,,,
0,146,115,145,,,,,154,,,
1,148,131,140,,,125,,,,,
3,140,123,130,,,,,146,,,
0,149,108,142,,,,156,,,,
0,148,100,147,,,,,147,,,
0,134,108,141,145,,,,,,,
1,144,115,150,109,,,,,,,
1,170,173,160,,,,,148,,,
1,172,170,136,155,,,,,,,
1,149,149,144,,,,,154,,,
0,157,143,138,155,,,,,,,
3,149,140,136,162,,,,,,,
3,138,140,143,155,,,,,,,
1,136,149,124,152,,,,,,,
1,145,145,136,,,131,,,,,
1,154,115,138,131,,,,,,,
0,140,100,136,,,,,147,,,
0,146,100,130,131,,,,,,,
1,173,164,,,138,,,,,,
1,157,167,150,145,,,,,,,
1,149,163,160,149,,,,,,,
4,165,163,141,,,148,,,,,
1,156,152,147,147,,,,,,,
1,152,155,151,,,145,,,,,
1,167,143,149,,,,,144,,,
2,165,148,144,134,,,,,,,
2,154,143,140,149,,,,,,,
1,149,143,147,145,,,,,,,
1,156,134,142,153,,,,,,,
1,131,147,136,159,,,,,,,
1,142,134,153,,,,,,,,
4,145,140,142,,,,,148,,,
1,145,123,142,166,,,,,,,
1,125,140,152,,148,,,,,,
2,144,131,147,,,,,140,,,
2,136,134,136,,,,,147,,,
3,139,140,140,,,,,,,,
1,142,131,142,,,,,,,,
3,148,131,,,146,,,,,,
1,144,123,145,,,,,147,,,
4,131,131,169,137,,,,,,,
2,131,140,124,,136,,,,,,
2,149,115,143,148,,,,,,,
2,142,123,141,,,,,138,,,
2,138,114,,163,,,,,,,
1,138,115,143,150,,,,,,,
0,140,146,146,,,,,,,,
1,148,115,140,,,,,140,,,
4,140,123,140,,,,,145,,,
5,140,125,138,,,,,,,,
2,140,108,142,,,,,138,,,
1,142,100,146,,,,,149,,,
1,115,123,140,,,,134,,,,
1,120,108,150,,,,,152,,,
1,140,100,134,,,,,150,,,
К,136,134,,,,,,,,121,
1,163,163,151,,,,,149,,,
2,162,149,148,155,,,,,,,
3,145,147,143,,,,,138,,,
4,163,137,141,137,,,,,,,
4,157,134,138,147,,,,,,,
1,140,140,130,,,,,145,,,
4,142,150,127,131,,,,,,,
0,144,137,124,125,,,,,,,
0,125,134,144,,,,,119,,,
2,138,100,142,,,,,134,,,
4,172,167,172,179,,,,,,,
1,152,173,142,151,,,,,,,
1,160,151,177,,144,,,,,,
3,152,173,140,153,,,,,,,
1,152,149,169,,,,138,,,,
4,162,152,154,,,,,148,,,
2,146,150,148,,,,,,,128,
1,143,145,141,,,,148,,,,
2,148,137,142,,,,,149,,,
1,156,123,152,,,,,160,,,
1,150,134,141,,,,,144,,,
1,156,134,127,143,,,,,,,
1,138,140,140,140,,,,,,,
1,131,134,149,,,,,146,,,
3,140,137,147,,,,,,,,
1,142,131,138,,,,,142,,,
3,143,143,142,,,125,,,,,
1,145,123,148,131,,,,,,,
1,143,126,134,,,,,,,,
2,149,123,141,,,,,124,,,
1,129,128,136,,,,,,,,
2,140,108,141,,148,,,,,,
1,105,131,130,,134,,,,,,
2,115,108,127,,,,,114,,,
1,131,100,124,,107,,,,,,
1,138,100,142,,,,,134,,,
К,144,100,134,,134,,,,,,
К,167,173,160,185,,,,,,,
1,140,140,130,,,,,170,,,
1,180,152,148,179,,,,,,,
1,152,170,140,,,166,,,,,
1,165,149,140,,,173,,,,,
1,165,145,166,,,166,,,,,
1,159,167,142,,,147,,,,,
1,175,147,141,159,,,,,,,
1,167,150,149,,,,,156,,,
1,163,151,149,153,,,,,,,
1,142,157,,,144,,,,,,
1,163,147,144,,,143,,,,,
2,152,150,150,,,143,,,,,
1,157,143,132,155,,,,,,,
1,145,149,134,,,,,152,,,
1,150,149,130,145,,,,,,,
1,154,148,140,134,,,,,,,
2,146,137,152,152,,,,,,,
1,157,147,140,125,,,,,,,
3,140,148,149,,,,,148,,,
1,134,147,141,148,,,,,,,
1,140,143,141,,,,150,,,,
2,144,140,141,,151,,,,,,
1,140,145,144,137,,,,,,,
4,145,140,145,149,,,,,,,
0,145,131,138,,,131,,,,,
4,148,145,145,,,109,,,,,
1,136,115,132,,,,138,,,,
1,140,115,138,,,118,,,,,
2,120,115,134,,,,,140,,,
1,165,170,158,,,,,160,,,
2,167,145,163,,,,170,,,,
1,154,163,150,,,149,,,,,
1,156,147,146,,,,,170,,,
1,157,145,166,,,,,152,,,
1,152,145,151,157,,,,,,,
1,162,145,148,,,137,,,,,
1,148,145,140,,,,,148,,,
1,153,137,146,,,,,,,,
1,125,149,142,,151,,,,,,
1,146,140,142,,,,,140,,,
1,152,140,144,131,,,,,,,
3,149,147,136,134,,,,,,,
1,150,151,145,,,118,,,,,
1,143,131,148,134,,,,,,,
1,142,123,141,,145,,,,,,
1,148,123,138,,,,125,,,,
1,110,134,138,,,,,136,,,
1,136,131,142,,,100,,,,,
1,165,151,156,,,,165,,,,
1,160,152,150,155,,,,,,,
1,156,134,169,162,,,,,,,
1,149,147,147,,,,,150,,,
3,146,151,152,147,,,,,,,
1,156,159,151,,,125,,,,,
1,144,140,149,,,,,156,,,
1,149,145,,140,,,,,,,
1,148,137,142,147,,,,,,,
1,151,134,146,,,,,,,,
1,146,140,147,,,137,,,,,
1,138,131,156,,,147,,,,,
1,136,140,142,147,,,,,,,
1,146,134,143,134,,,,,,,
2,146,131,132,,,,,148,,,
2,165,123,120,,,143,,,,,
1,150,115,144,,,,,164,,,
4,145,134,143,,138,,,,,,
3,142,134,144,,,,,,,,
1,142,125,146,,,,,,,,
1,142,115,147,,,,,156,,,
3,165,149,142,,,100,,,,,
0,134,115,142,134,,,,,,,
1,175,180,177,,,166,,,,,
1,170,159,158,148,,,,,,,
2,170,148,143,,,140,,,,,
3,156,143,177,,,143,,,,,
1,156,145,138,,,147,,,,,
1,146,150,148,131,,,,,,,
5,150,145,138,155,,,,,,,
1,146,134,145,151,,,,,,,
1,148,131,141,,,,,150,,,
1,150,140,132,,,134,,,,,
1,140,140,146,,,134,,,,,
5,145,134,141,,,,,150,,,
1,138,134,136,,,,,147,,,
1,138,140,138,,,134,,,,,
3,148,137,143,134,,,,,,,
1,140,131,140,,,,,,,,
1,131,134,136,,,,,144,,,
1,148,131,136,125,,,,,,,
2,146,115,149,,,,,152,,,
1,144,123,138,,,,,142,,,
2,145,115,147,,,,,148,,,
1,145,123,120,,146,,,,,,
3,144,131,120,,,,120,,,,
3,150,115,127,,,,,142,,,
0,150,100,130,,,,,134,,,
2,110,108,132,,,,,131,,,
2,140,140,140,,,130,,,,,
1,163,155,154,152,,,,,,,
1,143,150,140,145,,,,,,,
1,145,140,142,155,,,,,,,
1,146,145,148,,,,134,,,,
0,170,155,150,143,,,,,,,
1,146,143,145,,,,,168,,,
1,135,140,155,160,,,,,,,
1,149,134,147,,,,,144,,,
1,150,147,150,157,,,,,,,
1,146,137,148,,,,,150,,,
2,152,131,147,,,,,150,,,
1,143,134,147,,145,,,,,,
5,142,143,141,,,,,136,,,
4,148,137,136,,,,138,,,,
5,143,134,138,,,,,149,,,
К,120,100,140,143,,,,,,,
1,167,167,183,191,,,,,,,
2,162,148,163,,,,177,,,,
1,145,156,152,,,,,,,,
1,151,143,,150,,,,,,,
1,144,149,140,,,137,,,,,
1,156,145,144,,,131,,,,,
0,131,108,132,,142,,,,,,
К,134,115,132,,,,140,,,,
К,157,180,170,,,,,,,,
5,145,108,132,,,,140,,,,
1,170,173,147,157,,,,,,,
4,167,173,154,151,,,,,,,
3,156,148,156,166,,,,,,,
1,162,149,156,149,,,,,,,
1,156,148,148,,160,,,,,,
1,152,140,141,,172,,,,,,
1,154,153,,,,,,,,151,
1,154,149,140,,156,,,,,,
1,154,140,151,,152,,,,,,
5,159,137,143,153,,,,,,,
2,138,150,136,,160,,,,,,
1,146,143,149,,,,150,,,,
2,148,147,136,,147,,,,,,
1,145,140,144,125,,,,,,,
3,144,134,158,134,,,,,,,
1,131,137,136,143,,,,,,,
1,180,170,146,153,,,,,,,
1,162,150,152,150,,,,,,,
1,152,149,143,,152,,,,,,
2,145,145,160,,,,,,,142,
1,152,151,134,,,145,,,,,
3,142,149,151,,,,,,,,
1,144,137,152,147,,,,,,,
3,145,137,168,140,,,,,,,
1,175,147,132,,,118,,,,,
1,144,131,144,,,140,,,,,
1,148,131,132,145,,,,,,,
1,154,123,146,,,,136,,,,
3,146,131,130,150,,,,,,,
1,143,123,140,118,,,,,,,
1,157,100,166,,,100,,,,,
1,175,152,183,148,,,,,,,
1,154,150,,,,148,,,,,
2,142,152,134,,,,,156,,,
1,136,143,148,,158,,,,,,
1,148,140,140,,,137,,,,,
1,146,140,124,,,,,,,,
1,148,123,145,,,,,147,,,
0,143,134,151,,,,,154,,,
К,173,136,190,,,,,,,,
К,143,100,120,159,,,,,,,
1,172,167,149,162,,,,,,,
1,170,167,172,,,147,,,,,
1,175,149,163,169,,,,,,,
1,175,159,158,153,,,,,,,
1,162,163,152,152,,,,,,,
2,165,150,179,151,,,,,,,
1,167,159,144,157,,,,,,,
2,162,159,151,153,,,,,,,
5,157,163,152,152,,,,,,,
1,165,152,148,152,,,,,,,
1,167,145,163,151,,,,,,,
4,148,163,146,166,,,,,,,
1,156,152,166,,,149,,,,,
1,167,150,147,145,,,,,,,
5,156,152,148,,,,,,,170,
1,152,152,175,134,,,,,,,
1,154,150,147,155,,,,,,,
3,170,149,140,157,,,,,,,
2,149,147,168,148,,,,,,,
2,146,152,151,,,,,152,,,
5,156,152,147,157,,,,,,,
1,156,145,150,149,,,,,,,
1,150,151,168,125,,,,,,,
1,150,134,150,173,,,,,,,
2,150,149,141,150,,,,,,,
1,157,150,138,140,,,,,,,
1,159,137,160,145,,,,,,,
1,160,140,140,,,,,154,,,
4,162,148,143,145,,,,,,,
4,162,147,140,,,,149,,,,
4,159,151,149,137,,,,,,,
5,152,149,160,,,145,,,,,
3,154,131,146,185,,,,,,,
2,154,134,143,166,,,,,,,
3,150,152,140,151,,,,,,,
4,152,152,149,140,,,,,,,
5,162,152,136,137,,,,,,,
4,165,137,149,,,,,152,,,
3,149,147,152,148,,,,,,,
1,145,137,156,155,,,,,,,
1,149,143,158,134,,,,,,,
4,148,151,145,143,,,,,,,
2,143,143,149,147,,,,,,,
5,148,155,124,150,,,,,,,
5,145,143,149,,,,,160,,,
1,148,134,156,151,,,,,,,
1,150,140,138,150,,,,,,,
4,152,143,144,147,,,,,,,
2,138,149,136,,,,,144,,,
2,142,140,153,,,,,,,,
5,143,145,138,157,,,,,,,
2,146,150,150,118,,,,,,,
2,149,143,124,148,,,,,,,
1,146,143,142,137,,,,,,,
3,145,147,141,,,,,145,,,
1,143,140,141,,,,,147,,,
1,134,145,144,,,143,,,,,
1,148,134,143,149,,,,,,,
1,152,134,138,147,,,,,,,
2,142,134,144,147,,,,,,,
1,144,145,138,,,131,,,,,
3,144,140,148,,,,,136,,,
0,146,134,134,137,,,,,,,
2,140,137,141,,,125,,,,,
0,134,100,127,,,,120,,,,
К,140,163,,157,,,,,,,
1,143,159,143,,,,,142,,,
3,165,159,151,118,,,,,,,
4,145,145,152,,,,138,,,,
3,144,137,144,,,152,,,,,
2,148,134,138,149,,,,,,,
4,154,145,146,125,,,,,,,
4,138,145,142,145,,,,,,,
3,150,137,143,,,,,,,,
3,144,140,134,140,,,,,,,
2,157,134,136,118,,,,,,,
5,138,143,124,,,,,,,,
5,157,123,145,100,,,,,,,
1,160,167,158,,,,,145,,,
1,163,123,154,,,,,154,,,
3,137,140,144,,,,,,,,
3,143,134,134,,,,,145,,,
3,145,151,173,145,,,,,,,
2,134,123,146,137,,,,,,,
1,149,149,156,,166,,,,,,
1,156,131,134,,160,,,,,,
1,156,143,134,125,,,,,,,
4,148,140,130,,,,125,,,,
5,146,134,134,137,,,,,,,
4,146,145,134,109,,,,,,,
5,138,123,141,,,,,140,,,
3,149,131,146,109,,,,,,,
К,152,137,138,157,,,,,,,193
К,157,152,168,,,,,158,,,179
К,163,180,154,159,,,,,,,173
К,160,140,142,,,,143,,,,184
К,160,131,170,,138,,,,,,179
К,140,123,140,125,,,,,,,186
К,152,150,148,153,,,,,,,173
К,138,100,130,137,,,,,,,189
К,154,137,141,,,,,136,,,175
К,148,108,130,,,,138,,,,179
К,144,100,138,,,,,140,,,179
К,150,137,,149,,,,,,,165
К,183,184,148,162,,,,,,,149
К,144,115,127,131,,,,,,,175
К,157,145,132,118,,,,,,,169
К,140,143,148,,,,,160,,,161
К,146,137,140,118,,,,,,,167
К,163,167,158,148,,,,,,,150
К,149,134,154,148,,,,,,,157
К,145,115,170,,166,,,,,,152
К,152,140,145,131,,,,,,,144
К,138,108,134,,,,,,,116,151
К,143,100,132,,,,,147,,,140
К,125,100,111,,,,105,,,,150
1,,,,,,,,,,,
1,172,167,149,,,,,166,,,
1,180,184,172,173,,,,,,,
1,163,170,172,,,,167,,,,
1,177,152,179,,,,,160,,,
1,183,173,169,,,134,,,,,
1,159,155,172,,,,,166,,,
2,150,152,175,,,,,170,,,
1,144,159,173,,,,,162,,,
1,143,149,183,162,,,,,,,
1,160,155,151,152,,,,,,,
1,163,147,168,,,,,148,,,
1,162,155,146,152,,,,,,,
1,170,152,146,,146,,,,,,
1,170,149,143,155,,,,,,,
1,167,152,158,140,,,,,,,
2,148,163,148,,,,,145,,,
2,162,148,147,,,,,162,,,
1,165,149,147,152,,,,,,,
1,156,155,150,145,,,,,,,
1,152,151,150,,,,,154,,,
1,156,145,160,143,,,,,,,
5,154,143,146,155,,,,,,,
0,150,150,145,148,,,,,,,
0,146,149,149,,,,,151,,,
3,159,145,138,,,,,144,,,
1,142,148,141,,119,,,,,,
1,140,137,141,,,,,149,,,
0,136,147,142,,144,,,,,,
1,165,123,146,134,,,,,,,
0,138,143,140,143,,,,,,,
1,145,134,134,,,,131,,,,
2,149,108,169,,,,,147,,,
2,142,123,134,,151,,,,,,
1,144,123,149,125,,,,,,,
1,143,137,116,,,125,,,,,
1,146,115,138,,138,,,,,,
1,146,115,142,,,,131,,,,
1,140,115,143,,,,,134,,,
1,125,115,143,,,,,140,,,
0,146,123,136,109,,,,,,,
1,131,108,134,,,,,145,,,
3,144,108,127,,,,136,,,,
1,172,163,172,157,,,,,,,
1,157,145,141,,,,,150,,,
1,177,176,168,,,164,,,,,
1,191,150,154,200,,,,,,,
2,179,167,152,,,,,,,,
1,160,155,191,,,,,158,,,
1,146,170,151,,,,,150,,,
3,163,163,158,150,,,,,,,
1,172,148,149,157,,,,,,,
1,180,159,150,,,140,,,,,
4,160,167,147,145,,,,,,,
2,163,150,151,143,,,,,,,
1,167,151,144,140,,,,,,,
1,160,155,143,137,,,,,,,
4,160,151,148,,,,152,,,,
1,157,143,149,151,,,,,,,
2,157,145,141,145,,,,,,,
1,157,145,143,,,,,142,,,
2,146,134,160,,147,,,,,,
1,146,131,145,134,,,,,,,
0,144,131,156,,,,138,,,,
3,170,115,138,,,,,146,,,
2,142,123,138,,,,,146,,,
3,143,115,136,,140,,,,,,
0,138,123,127,125,,,,,,,
0,136,123,145,,,118,,,,,
1,131,131,146,,,100,,,,,
0,136,108,134,,,,,134,,,
0,140,100,130,,,,140,,,,
1,143,159,163,148,,,,,,,
1,157,152,151,,,,,151,,,
2,159,137,145,,,,,140,,,
1,145,143,144,,,,,146,,,
1,146,151,124,,,,,144,,,
1,142,143,140,,,,,142,,,
1,156,131,146,,,,,144,,,
4,143,143,150,,,,,142,,,
2,149,131,,,150,,,,,,
2,149,134,145,134,,,,,,,
1,138,131,145,,144,,,,,,
4,131,134,136,,142,,,,,,
0,160,153,152,,,,,,,,
0,142,143,148,,,,,151,,,
4,154,134,144,,,,,156,,,
0,148,137,144,,,,,151,,,
1,130,150,140,,,,,160,,,
1,150,150,148,,,,,148,,,
1,146,147,152,,,,,156,,,
1,167,155,166,,,125,,,,,
5,165,140,146,155,,,,,,,
1,163,151,130,,,140,,,,,
1,148,148,146,,,,136,,,,
4,157,137,140,,,,156,,,,
1,163,131,138,140,,,,,,,
2,142,134,149,,147,,,,,,
1,142,137,132,,,,136,,,,
1,127,138,149,,,,,,,,
4,157,123,145,,,,,148,,,
3,143,134,140,,,,,140,,,
1,140,134,132,,,,115,,,,
2,130,140,130,120,,,,,,,
1,174,153,192,,,,,,,,
1,157,134,136,145,,,,,,,
1,144,131,138,137,,,,,,,
2,140,131,134,137,,,,,,,
1,130,130,130,,,,,140,,,
0,162,152,158,134,,,,,,,
0,137,154,151,,,,,,,,
К,148,151,149,140,,,,,,,
К,142,134,132,,,,120,,,,
К,160,153,152,,,,,,,,
К,159,163,143,152,,,,,,,
1,162,167,172,,,149,,,,,
1,142,115,146,149,,,,,,,
1,177,170,156,,,,,164,,,
2,136,159,149,185,,,,,,,
1,160,150,181,153,,,,,,,
1,167,152,140,,142,,,,,,
1,160,151,148,150,,,,,,,
1,146,155,143,148,,,,,,,
3,167,140,150,155,,,,,,,
1,159,150,173,,,131,,,,,
0,142,143,143,,,,,156,,,
1,138,147,141,140,,,,,,,
1,163,123,132,149,,,,,,,
1,145,134,132,,,,,149,,,
1,140,134,140,,,,,144,,,
0,143,123,142,,,,,160,,,
0,138,123,147,,,,,162,,,
0,138,131,142,,,,,145,,,
1,149,108,140,,,143,,,,,
1,134,131,132,,131,,,,,,
2,115,134,134,,,,,145,,,
0,131,148,132,118,,,,,,,
0,110,134,136,,,,,144,,,
1,145,108,147,,,,120,,,,
0,152,123,144,,,109,,,,,
1,143,108,134,118,,,,,,,
2,125,108,130,,,,,124,,,
2,110,108,132,,,,,128,,,
0,120,100,127,131,,,,,,,
0,149,145,148,173,,,,,,,
1,140,150,130,130,,,,,,,
0,145,140,132,,,,,154,,,
0,136,100,136,,,,,144,,,
К,110,105,110,,,110,,,,,
К,159,140,138,,,,134,,,,
1,167,151,183,148,,,,,,,
2,152,149,146,,,,,158,,,
1,156,152,156,137,,,,,,,
1,150,140,147,,,,,164,,,
1,152,123,150,,,,,147,,,
1,138,131,141,,,,,134,,,
0,143,131,141,,,,,,,,
4,146,123,144,,,,136,,,,
2,115,131,132,,,,,150,,,
1,140,115,130,,,,,144,,,
1,148,100,138,,145,,,,,,
1,131,108,140,,138,,,,,,
0,136,100,141,,,,,147,,,
0,144,100,138,,,,136,,,,
0,143,108,105,,,,,138,,,
1,131,115,130,,,109,,,,,
1,142,108,144,100,,,,,,,
3,115,100,134,,147,,,,,,
0,140,115,124,,,100,,,,,
0,107,113,,110,,,,,,,
1,115,159,152,149,,,,,,,
0,159,131,142,,,,,146,,,
К,165,148,147,157,,,,,,,
К,144,140,150,140,,,,,,,
